編號,材料黏度 (cps),形狀,抬升高度(μm),抬升速度(μm/s),等待時間(s),下降速度((μm)/s),面積(mm?),周長(mm),水力直徑(mm),回流（完全是0不完全是1）,荷重元最大值_Fmax,波峰後斜率_Slope,曲線面積_Area
0,150,90x45矩形,1500,400,0.5,8000,4034.83,269.6,59.86,1,7699.356000000001,-21640.239999999954,12216.4586
1,150,90x45矩形,1500,400,0.5,8000,4034.83,269.6,59.86,1,7985.748,-24520.72000000017,13058.881199999996
2,150,90x45矩形,1500,400,0.5,8000,4034.83,269.6,59.86,1,8228.126,-20434.259999999653,13637.1195
3,150,90x45矩形,1500,400,0.5,8000,4034.83,269.6,59.86,1,9440.818,-24832.33999999879,15415.274
4,150,90x45矩形,1500,400,0.5,8000,4034.83,269.6,59.86,1,9693.45,-28084.65999999962,15538.822999999988
5,150,90x45矩形,1500,400,0.5,8000,4034.83,269.6,59.86,1,9709.946,-24460.850000000977,14898.927999999987
6,150,90x45矩形,1500,400,0.5,8000,4034.83,269.6,59.86,1,10177.748,-23408.15999999773,16105.851699999996
7,150,90x45矩形,1500,400,0.5,8000,4034.83,269.6,59.86,1,10481.512,-27739.13999999736,16663.384000000002
8,150,90x45矩形,1500,400,0.5,8000,4034.83,269.6,59.86,1,10711.068,-29379.059999994788,17143.32099999999
9,150,90x45矩形,1500,400,0.5,8000,4034.83,269.6,59.86,1,10309.986,-7897.740000000199,17938.973400000006
10,150,90x45矩形,1500,700,0.5,8000,4034.83,269.6,59.86,1,10315.732,-2820.389999999994,15890.879699999998
11,150,90x45矩形,1500,700,0.5,8000,4034.83,269.6,59.86,1,10567.14,-8910.989999999945,15242.624499999998
12,150,90x45矩形,1500,700,0.5,8000,4034.83,269.6,59.86,1,11353.608,-3251.539999999964,19223.2217
13,150,90x45矩形,1500,700,0.5,8000,4034.83,269.6,59.86,1,10960.702,-21248.740000000293,17072.556899999996
14,150,90x45矩形,1500,700,0.5,8000,4034.83,269.6,59.86,1,11287.164,-13318.360000000404,18743.97769999999
15,150,90x45矩形,1500,700,0.5,8000,4034.83,269.6,59.86,1,11384.252,-9187.669999999744,19282.524599999982
16,150,90x45矩形,1500,700,0.5,8000,4034.83,269.6,59.86,1,11460.9,-11399.409999999189,19280.508500000004
17,150,90x45矩形,1500,700,0.5,8000,4034.83,269.6,59.86,1,11481.014,-19642.509999997703,19035.962700000007
18,150,90x45矩形,1500,700,0.5,8000,4034.83,269.6,59.86,1,11395.312,-19464.799999998915,18809.972100000017
19,150,90x45矩形,1500,700,0.5,8000,4034.83,269.6,59.86,1,11440.854,-23743.630000000736,18707.97630000001
20,150,90x45矩形,1500,1000,0.5,8000,4034.83,269.6,59.86,1,8248.24,-21322.91999999984,9113.3775
21,150,90x45矩形,1500,1000,0.5,8000,4034.83,269.6,59.86,1,8758.648,-15824.680000000277,9903.640900000002
22,150,90x45矩形,1500,1000,0.5,8000,4034.83,269.6,59.86,1,9706.55,-25078.89,12310.682500000006
23,150,90x45矩形,1500,1000,0.5,8000,4034.83,269.6,59.86,1,9578.646,-23902.819999999807,10649.598500000002
24,150,90x45矩形,1500,1000,0.5,8000,4034.83,269.6,59.86,1,9664.344,-27092.64999999958,10735.026599999988
25,150,90x45矩形,1500,1000,0.5,8000,4034.83,269.6,59.86,1,9934.91,-27575.010000000184,10228.002499999991
26,150,90x45矩形,1500,1000,0.5,8000,4034.83,269.6,59.86,1,10550.492,-27430.109999997847,12009.900200000013
27,150,90x45矩形,1500,1000,0.5,8000,4034.83,269.6,59.86,1,10617.81,-25863.5200000002,11836.243500000008
28,150,90x45矩形,1500,1000,0.5,8000,4034.83,269.6,59.86,1,10259.124,-18281.340000000702,12072.15749999998
29,150,90x45矩形,1500,1000,0.5,8000,4034.83,269.6,59.86,1,9806.042,-12269.08000000037,12161.111500000006
30,150,90x45矩形,1500,400,1.0,8000,4034.83,269.6,59.86,1,10505.584,-2132.5999999999985,13366.8471
31,150,90x45矩形,1500,400,1.0,8000,4034.83,269.6,59.86,1,10756.642,-15724.279999999624,13119.2844
32,150,90x45矩形,1500,400,1.0,8000,4034.83,269.6,59.86,1,11548.142,-4044.579999999988,15825.3139
33,150,90x45矩形,1500,400,1.0,8000,4034.83,269.6,59.86,1,11587.734,-15740.419999999956,15821.632199999998
34,150,90x45矩形,1500,400,1.0,8000,4034.83,269.6,59.86,1,11580.986,-4307.689999999991,16125.396300000011
35,150,90x45矩形,1500,400,1.0,8000,4034.83,269.6,59.86,1,11584.706,-6237.590000000242,15927.597700000011
36,150,90x45矩形,1500,400,1.0,8000,4034.83,269.6,59.86,1,11665.616,-6694.869999999663,16103.93569999998
37,150,90x45矩形,1500,400,1.0,8000,4034.83,269.6,59.86,1,11559.91,-22667.1799999989,15943.296000000018
38,150,90x45矩形,1500,400,1.0,8000,4034.83,269.6,59.86,1,11520.088,-18632.5100000004,15179.357599999998
39,150,90x45矩形,1500,400,1.0,8000,4034.83,269.6,59.86,1,11573.934,-15001.330000000433,16090.952300000004
40,150,90x45矩形,1500,700,1.0,8000,4034.83,269.6,59.86,1,7675.584,-18044.949999999848,12552.2639
41,150,90x45矩形,1500,700,1.0,8000,4034.83,269.6,59.86,1,8066.300000000001,-19900.82000000012,13350.299499999996
42,150,90x45矩形,1500,700,1.0,8000,4034.83,269.6,59.86,1,9132.334,-14334.789999999732,15724.614899999997
43,150,90x45矩形,1500,700,1.0,8000,4034.83,269.6,59.86,1,9329.28,-16833.069999999283,15842.445500000002
44,150,90x45矩形,1500,700,1.0,8000,4034.83,269.6,59.86,1,9321.51,-25917.589999997323,15154.625500000004
45,150,90x45矩形,1500,700,1.0,8000,4034.83,269.6,59.86,1,9418.288,-20711.0600000006,15414.049599999991
46,150,90x45矩形,1500,700,1.0,8000,4034.83,269.6,59.86,1,9904.21,-22664.33999999749,15301.518500000013
47,150,90x45矩形,1500,700,1.0,8000,4034.83,269.6,59.86,1,10365.55,-23460.949999999182,17006.33499999999
48,150,90x45矩形,1500,700,1.0,8000,4034.83,269.6,59.86,1,10562.338,-23420.320000001848,17286.788299999993
49,150,90x45矩形,1500,700,1.0,8000,4034.83,269.6,59.86,1,10148.416,-1742.0599999999258,17975.739099999988
50,150,90x45矩形,1500,1000,1.0,8000,4034.83,269.6,59.86,1,7851.888,-13986.159999999889,9136.9642
51,150,90x45矩形,1500,1000,1.0,8000,4034.83,269.6,59.86,1,9315.768,-20748.12999999986,11385.112099999998
52,150,90x45矩形,1500,1000,1.0,8000,4034.83,269.6,59.86,1,9443.448,-17724.430000000517,11545.3103
53,150,90x45矩形,1500,1000,1.0,8000,4034.83,269.6,59.86,1,9368.682,-23436.12000000087,10828.9782
54,150,90x45矩形,1500,1000,1.0,8000,4034.83,269.6,59.86,1,9369.082,-21331.230000000523,10595.51499999999
55,150,90x45矩形,1500,1000,1.0,8000,4034.83,269.6,59.86,1,9844.398,-25156.870000000083,11170.53740000001
56,150,90x45矩形,1500,1000,1.0,8000,4034.83,269.6,59.86,1,10258.494,-22237.4999999998,11855.260899999992
57,150,90x45矩形,1500,1000,1.0,8000,4034.83,269.6,59.86,1,10573.726,-26876.779999997158,12439.36570000001
58,150,90x45矩形,1500,1000,1.0,8000,4034.83,269.6,59.86,1,10125.968,-10143.419999999547,12348.81179999999
59,150,90x45矩形,1500,1000,1.0,8000,4034.83,269.6,59.86,1,9667.788,-4742.819999999753,12811.11499999998
60,150,90x45矩形,2000,400,0.5,8000,4034.83,269.6,59.86,0,7846.424,-19753.600000000068,7465.052199999999
61,150,90x45矩形,2000,400,0.5,8000,4034.83,269.6,59.86,1,9420.848,-19609.22000000035,9531.2669
62,150,90x45矩形,2000,400,0.5,8000,4034.83,269.6,59.86,1,9296.028,-23477.409999999392,8974.8886
63,150,90x45矩形,2000,400,0.5,8000,4034.83,269.6,59.86,1,9156.164,-23188.590000000917,9028.437000000002
64,150,90x45矩形,2000,400,0.5,8000,4034.83,269.6,59.86,0,9551.128,-21202.869999999828,8655.620700000005
65,150,90x45矩形,2000,400,0.5,8000,4034.83,269.6,59.86,0,10013.498,-26244.12999999957,9782.178399999992
66,150,90x45矩形,2000,400,0.5,8000,4034.83,269.6,59.86,1,10230.034,-25075.440000000253,9820.709299999997
67,150,90x45矩形,2000,400,0.5,8000,4034.83,269.6,59.86,0,10437.206,-21288.660000001848,10208.336200000018
68,150,90x45矩形,2000,400,0.5,8000,4034.83,269.6,59.86,0,9972.852,-13547.92999999937,10221.349599999998
69,150,90x45矩形,2000,400,0.5,8000,4034.83,269.6,59.86,0,9484.876,-9367.919999999502,10509.878999999988
80,150,90x45矩形,2000,1000,0.5,8000,4034.83,269.6,59.86,0,7440.362,-632.0799999999949,10664.9445
81,150,90x45矩形,2000,1000,0.5,8000,4034.83,269.6,59.86,1,9282.928000000002,-450.0600000000057,13787.536000000002
82,150,90x45矩形,2000,1000,0.5,8000,4034.83,269.6,59.86,0,9578.866,-318.7700000000028,14211.917400000002
83,150,90x45矩形,2000,1000,0.5,8000,4034.83,269.6,59.86,0,9381.66,-160.43999999999863,13615.115500000002
84,150,90x45矩形,2000,1000,0.5,8000,4034.83,269.6,59.86,0,9172.798,-933.7199999999536,13459.939000000011
85,150,90x45矩形,2000,1000,0.5,8000,4034.83,269.6,59.86,1,9642.386,-447.7699999999949,13620.907400000007
86,150,90x45矩形,2000,1000,0.5,8000,4034.83,269.6,59.86,1,9961.966,-294.19000000001483,14456.066900000009
87,150,90x45矩形,2000,1000,0.5,8000,4034.83,269.6,59.86,1,10239.628,-159.1999999999952,14909.779200000004
88,150,90x45矩形,2000,1000,0.5,8000,4034.83,269.6,59.86,0,10439.53,-64.87999999999505,15226.925
89,150,90x45矩形,2000,1000,0.5,8000,4034.83,269.6,59.86,0,9976.832,2.978579687751784e-13,15366.81640000001
90,150,90x45矩形,2000,400,1.0,8000,4034.83,269.6,59.86,0,7549.046,-692.9499999999828,9292.783
91,150,90x45矩形,2000,400,1.0,8000,4034.83,269.6,59.86,0,9189.922,-475.1800000000057,11738.987699999996
92,150,90x45矩形,2000,400,1.0,8000,4034.83,269.6,59.86,0,9403.144,-231.02999999999028,11720.976899999998
93,150,90x45矩形,2000,400,1.0,8000,4034.83,269.6,59.86,0,9497.196,-258.7600000000084,11877.264499999996
94,150,90x45矩形,2000,400,1.0,8000,4034.83,269.6,59.86,0,9264.068,-1340.40000000003,12143.763200000005
95,150,90x45矩形,2000,400,1.0,8000,4034.83,269.6,59.86,0,9106.952,-192.95999999999864,10826.137500000012
96,150,90x45矩形,2000,400,1.0,8000,4034.83,269.6,59.86,0,9766.746,-541.450000000012,12328.5745
97,150,90x45矩形,2000,400,1.0,8000,4034.83,269.6,59.86,0,10018.262,-347.8899999999795,12515.282699999992
98,150,90x45矩形,2000,400,1.0,8000,4034.83,269.6,59.86,0,10265.600000000002,-92.2699999999972,12893.965
99,150,90x45矩形,2000,400,1.0,8000,4034.83,269.6,59.86,0,10299.434,5.34387988472142e-12,13172.791699999983
110,150,90x45矩形,2000,1000,1.0,8000,4034.83,269.6,59.86,0,9034.952,-10215.030000000022,9365.185399999997
111,150,90x45矩形,2000,1000,1.0,8000,4034.83,269.6,59.86,0,9150.708,-8217.689999999995,12161.708600000004
112,150,90x45矩形,2000,1000,1.0,8000,4034.83,269.6,59.86,0,10183.5,-10908.069999999929,13401.568
113,150,90x45矩形,2000,1000,1.0,8000,4034.83,269.6,59.86,0,10322.814,-8270.16999999996,13995.3413
114,150,90x45矩形,2000,1000,1.0,8000,4034.83,269.6,59.86,0,9788.218,-4723.839999999897,12952.684600000011
115,150,90x45矩形,2000,1000,1.0,8000,4034.83,269.6,59.86,0,9490.35,-6098.980000000044,12102.173999999988
116,150,90x45矩形,2000,1000,1.0,8000,4034.83,269.6,59.86,0,8643.758,-14297.62999999999,11325.415600000004
117,150,90x45矩形,2000,1000,1.0,8000,4034.83,269.6,59.86,0,7798.728,-5685.409999999871,9539.27280000001
118,150,90x45矩形,2000,1000,1.0,8000,4034.83,269.6,59.86,0,7344.078,-3075.019999999975,9257.26359999999
119,150,90x45矩形,2000,1000,1.0,8000,4034.83,269.6,59.86,0,6844.853999999999,-5631.179999999858,8279.051899999982
120,150,90x45矩形,1500,400,0.5,4000,4034.83,269.6,59.86,1,10567.184,-19848.649999999965,11560.2368
121,150,90x45矩形,1500,400,0.5,4000,4034.83,269.6,59.86,1,10624.518,-19188.330000000013,11854.492300000004
122,150,90x45矩形,1500,400,0.5,4000,4034.83,269.6,59.86,1,10660.254,-19189.2599999996,12098.022400000002
123,150,90x45矩形,1500,400,0.5,4000,4034.83,269.6,59.86,1,10415.124,-24585.79999999983,11975.242400000005
124,150,90x45矩形,1500,400,0.5,4000,4034.83,269.6,59.86,1,11774.428,-27091.939999999704,13689.00129999999
125,150,90x45矩形,1500,400,0.5,4000,4034.83,269.6,59.86,1,12483.042,-17794.85999999854,15269.965700000002
126,150,90x45矩形,1500,400,0.5,4000,4034.83,269.6,59.86,1,13042.814,-27231.979999998137,15669.713299999992
127,150,90x45矩形,1500,400,0.5,4000,4034.83,269.6,59.86,1,12691.48,-13743.710000000528,14583.798000000008
128,150,90x45矩形,1500,400,0.5,4000,4034.83,269.6,59.86,1,12201.464,-9529.699999999571,14402.240899999986
129,150,90x45矩形,1500,400,0.5,4000,4034.83,269.6,59.86,1,11696.616,-7141.95999999956,14610.199299999997
130,150,90x45矩形,1500,700,0.5,4000,4034.83,269.6,59.86,1,7835.73,-19828.82000000003,7012.793000000001
131,150,90x45矩形,1500,700,0.5,4000,4034.83,269.6,59.86,1,9312.234,-26957.079999999067,8718.128400000001
132,150,90x45矩形,1500,700,0.5,4000,4034.83,269.6,59.86,1,10034.766,-23715.710000000105,10913.661700000002
133,150,90x45矩形,1500,700,0.5,4000,4034.83,269.6,59.86,1,9597.416,-29364.210000001025,8690.180599999996
134,150,90x45矩形,1500,700,0.5,4000,4034.83,269.6,59.86,1,9649.048,-25668.209999999108,8540.901800000001
135,150,90x45矩形,1500,700,0.5,4000,4034.83,269.6,59.86,1,9675.32,-25174.04000000045,8566.662999999988
136,150,90x45矩形,1500,700,0.5,4000,4034.83,269.6,59.86,1,10317.632,-34499.829999999136,9116.87150000001
137,150,90x45矩形,1500,700,0.5,4000,4034.83,269.6,59.86,1,10621.544,-31892.010000002665,9590.126899999988
138,150,90x45矩形,1500,700,0.5,4000,4034.83,269.6,59.86,1,10410.87,-22026.61000000412,9771.569000000009
139,150,90x45矩形,1500,700,0.5,4000,4034.83,269.6,59.86,1,9975.712,-12051.25999999935,10286.058699999989
150,150,90x45矩形,1500,400,1.0,4000,4034.83,269.6,59.86,1,9594.918,-23276.39000000008,12828.245900000002
151,150,90x45矩形,1500,400,1.0,4000,4034.83,269.6,59.86,1,9977.166,-23377.63000000024,15024.249000000003
152,150,90x45矩形,1500,400,1.0,4000,4034.83,269.6,59.86,1,10039.81,-20325.67999999981,14212.946499999998
153,150,90x45矩形,1500,400,1.0,4000,4034.83,269.6,59.86,1,11073.682,-1382.0999999999494,19195.973999999995
154,150,90x45矩形,1500,400,1.0,4000,4034.83,269.6,59.86,1,11619.5,-1624.599999999985,20691.711
155,150,90x45矩形,1500,400,1.0,4000,4034.83,269.6,59.86,1,12592.504,-638.6199999999565,21902.062
156,150,90x45矩形,1500,400,1.0,4000,4034.83,269.6,59.86,1,12852.32,-407.2600000000017,24130.81150000001
157,150,90x45矩形,1500,400,1.0,4000,4034.83,269.6,59.86,1,12253.438,6.783352841872591e-12,20184.377000000008
158,150,90x45矩形,1500,400,1.0,4000,4034.83,269.6,59.86,1,11953.218,6.813453259933631e-12,21219.657199999983
159,150,90x45矩形,1500,400,1.0,4000,4034.83,269.6,59.86,1,11589.22,6.664022519677949e-12,21531.328
160,150,90x45矩形,1500,700,1.0,4000,4034.83,269.6,59.86,1,9671.008,-22739.21999999985,10050.8539
161,150,90x45矩形,1500,700,1.0,4000,4034.83,269.6,59.86,1,10681.538,-12788.510000000044,14316.1012
162,150,90x45矩形,1500,700,1.0,4000,4034.83,269.6,59.86,1,10871.63,-13558.58999999983,14777.031
163,150,90x45矩形,1500,700,1.0,4000,4034.83,269.6,59.86,1,10942.102,-13801.89999999964,14329.297799999998
164,150,90x45矩形,1500,700,1.0,4000,4034.83,269.6,59.86,1,11201.502,-2319.279999999925,15569.290300000008
165,150,90x45矩形,1500,700,1.0,4000,4034.83,269.6,59.86,1,11936.668,-2655.1499999999824,17098.7482
166,150,90x45矩形,1500,700,1.0,4000,4034.83,269.6,59.86,1,12543.082,-9931.769999999637,18205.943000000003
167,150,90x45矩形,1500,700,1.0,4000,4034.83,269.6,59.86,1,12494.738,-442.1099999999839,18736.382500000007
168,150,90x45矩形,1500,700,1.0,4000,4034.83,269.6,59.86,1,12232.068,6.8513333323775115e-12,16499.252600000007
169,150,90x45矩形,1500,700,1.0,4000,4034.83,269.6,59.86,1,12092.788,9.054434843398056e-12,18209.2906
180,150,90x45矩形,2000,400,0.5,4000,4034.83,269.6,59.86,0,6487.238,-16054.559999999934,7195.625499999999
181,150,90x45矩形,2000,400,0.5,4000,4034.83,269.6,59.86,0,6764.898,-15560.820000000063,8357.091799999998
182,150,90x45矩形,2000,400,0.5,4000,4034.83,269.6,59.86,0,6922.548,-16963.489999999147,7893.398499999997
183,150,90x45矩形,2000,400,0.5,4000,4034.83,269.6,59.86,0,7243.414,-15886.649999999883,8757.807400000002
184,150,90x45矩形,2000,400,0.5,4000,4034.83,269.6,59.86,1,8104.262000000001,-22334.41999999878,9663.619500000012
185,150,90x45矩形,2000,400,0.5,4000,4034.83,269.6,59.86,0,9394.282,-21283.560000000896,13897.123199999987
186,150,90x45矩形,2000,400,0.5,4000,4034.83,269.6,59.86,0,8874.578,-23422.639999998628,10323.188999999997
187,150,90x45矩形,2000,400,0.5,4000,4034.83,269.6,59.86,0,9033.762,-27883.259999999496,10956.593700000018
188,150,90x45矩形,2000,400,0.5,4000,4034.83,269.6,59.86,0,9444.496,-20556.26999999889,11536.343499999995
189,150,90x45矩形,2000,400,0.5,4000,4034.83,269.6,59.86,0,9497.91,-26277.97000000135,11715.973500000016
190,150,90x45矩形,2000,700,0.5,4000,4034.83,269.6,59.86,0,6909.152,-17509.050000000065,6134.4813
191,150,90x45矩形,2000,700,0.5,4000,4034.83,269.6,59.86,0,6920.474,-16296.919999999884,6517.761399999996
192,150,90x45矩形,2000,700,0.5,4000,4034.83,269.6,59.86,0,7832.534000000001,-18386.920000001097,7088.991899999998
193,150,90x45矩形,2000,700,0.5,4000,4034.83,269.6,59.86,0,9133.936,-23483.930000000357,8998.637700000001
194,150,90x45矩形,2000,700,0.5,4000,4034.83,269.6,59.86,0,9243.784,-25242.08999999952,8941.4263
195,150,90x45矩形,2000,700,0.5,4000,4034.83,269.6,59.86,0,9273.652,-23668.8700000008,8758.858500000006
196,150,90x45矩形,2000,700,0.5,4000,4034.83,269.6,59.86,0,9248.338,-19714.990000000093,8706.143799999993
197,150,90x45矩形,2000,700,0.5,4000,4034.83,269.6,59.86,0,9212.62,-29242.289999998746,8804.236000000003
198,150,90x45矩形,2000,700,0.5,4000,4034.83,269.6,59.86,0,9335.03,-23567.120000000967,8808.9725
199,150,90x45矩形,2000,700,0.5,4000,4034.83,269.6,59.86,0,9596.774,-23311.8699999993,9634.3159
210,150,90x45矩形,2000,400,1.0,4000,4034.83,269.6,59.86,0,6680.73,-486.3800000000044,9282.8105
211,150,90x45矩形,2000,400,1.0,4000,4034.83,269.6,59.86,0,8368.336000000001,-2090.869999999996,11575.5714
212,150,90x45矩形,2000,400,1.0,4000,4034.83,269.6,59.86,0,8862.162,-950.2200000000322,12893.456800000002
213,150,90x45矩形,2000,400,1.0,4000,4034.83,269.6,59.86,0,9231.044,-636.8500000000005,13099.881700000002
214,150,90x45矩形,2000,400,1.0,4000,4034.83,269.6,59.86,0,9312.734,-424.160000000025,13470.519600000003
215,150,90x45矩形,2000,400,1.0,4000,4034.83,269.6,59.86,1,9245.924,-600.8500000000046,13192.932299999997
216,150,90x45矩形,2000,400,1.0,4000,4034.83,269.6,59.86,1,9321.94,-362.2199999999864,13208.03149999999
217,150,90x45矩形,2000,400,1.0,4000,4034.83,269.6,59.86,1,9391.934,-992.980000000027,13329.764699999983
218,150,90x45矩形,2000,400,1.0,4000,4034.83,269.6,59.86,1,9708.73,-474.2600000000339,14514.68099999999
219,150,90x45矩形,2000,400,1.0,4000,4034.83,269.6,59.86,1,10034.332,-536.619999999997,13800.680400000005
240,150,90x50六角形,1500,400,0.5,8000,2830.54,209.57,54.03,1,7718.266,-365.8399999999955,14540.7856
241,150,90x50六角形,1500,400,0.5,8000,2830.54,209.57,54.03,1,9203.034,-1293.810000000005,17460.4242
242,150,90x50六角形,1500,400,0.5,8000,2830.54,209.57,54.03,1,9457.038,-1133.6499999999735,18479.614099999995
243,150,90x50六角形,1500,400,0.5,8000,2830.54,209.57,54.03,1,9571.74,-254.9699999999891,18090.485000000008
244,150,90x50六角形,1500,400,0.5,8000,2830.54,209.57,54.03,1,9625.48,-700.1000000000106,18300.289
245,150,90x50六角形,1500,400,0.5,8000,2830.54,209.57,54.03,1,9399.892,-640.379999999969,17630.522399999987
246,150,90x50六角形,1500,400,0.5,8000,2830.54,209.57,54.03,1,9460.328,-622.7899999999989,17571.150600000004
247,150,90x50六角形,1500,400,0.5,8000,2830.54,209.57,54.03,1,9615.696,-1270.0099999999702,17735.139700000014
248,150,90x50六角形,1500,400,0.5,8000,2830.54,209.57,54.03,1,10070.762,-3217.3600000004467,18023.115100000025
249,150,90x50六角形,1500,400,0.5,8000,2830.54,209.57,54.03,1,10457.524,-929.5299999999968,20408.454200000007
250,150,90x50六角形,1500,700,0.5,8000,2830.54,209.57,54.03,1,10254.76,-3522.369999999975,13890.9355
251,150,90x50六角形,1500,700,0.5,8000,2830.54,209.57,54.03,1,9532.83,-19037.589999999705,14203.661499999993
252,150,90x50六角形,1500,700,0.5,8000,2830.54,209.57,54.03,1,9736.612,-25811.360000000765,14210.475199999995
253,150,90x50六角形,1500,700,0.5,8000,2830.54,209.57,54.03,1,10089.954,-21661.30999999879,14494.104099999997
254,150,90x50六角形,1500,700,0.5,8000,2830.54,209.57,54.03,1,10595.176,-26753.47000000164,16393.724499999993
255,150,90x50六角形,1500,700,0.5,8000,2830.54,209.57,54.03,1,10832.89,-29046.41999999888,14993.055999999988
256,150,90x50六角形,1500,700,0.5,8000,2830.54,209.57,54.03,1,10928.498,-22973.060000000285,14846.263799999995
257,150,90x50六角形,1500,700,0.5,8000,2830.54,209.57,54.03,1,10914.974,-28815.31999999876,14872.245500000015
258,150,90x50六角形,1500,700,0.5,8000,2830.54,209.57,54.03,1,10801.798,-19435.660000000094,13980.422300000004
259,150,90x50六角形,1500,700,0.5,8000,2830.54,209.57,54.03,1,10187.666,-23640.00999999952,12729.359800000006
260,150,90x50六角形,1500,1000,0.5,8000,2830.54,209.57,54.03,1,9634.518,-9977.300000000014,10157.6238
261,150,90x50六角形,1500,1000,0.5,8000,2830.54,209.57,54.03,1,10174.336,-24074.020000000077,11546.7664
262,150,90x50六角形,1500,1000,0.5,8000,2830.54,209.57,54.03,1,10195.658,-24821.60000000006,11450.548000000004
263,150,90x50六角形,1500,1000,0.5,8000,2830.54,209.57,54.03,1,10630.086,-25737.780000000093,11684.276500000002
264,150,90x50六角形,1500,1000,0.5,8000,2830.54,209.57,54.03,1,10501.144,-24738.64000000048,10196.204100000014
265,150,90x50六角形,1500,1000,0.5,8000,2830.54,209.57,54.03,1,10574.858,-25357.86000000108,10999.886500000008
266,150,90x50六角形,1500,1000,0.5,8000,2830.54,209.57,54.03,1,10630.676,-27196.58000000018,10514.489999999989
267,150,90x50六角形,1500,1000,0.5,8000,2830.54,209.57,54.03,1,10560.462,-21459.710000000032,10367.868299999987
268,150,90x50六角形,1500,1000,0.5,8000,2830.54,209.57,54.03,1,10138.506,-13082.649999999694,8996.527499999987
269,150,90x50六角形,1500,1000,0.5,8000,2830.54,209.57,54.03,1,10577.022,-16365.609999999828,10371.749000000023
280,150,90x50六角形,1500,700,1.0,8000,2830.54,209.57,54.03,1,9261.286,-10517.46999999992,10933.431500000002
281,150,90x50六角形,1500,700,1.0,8000,2830.54,209.57,54.03,1,9690.01,-18762.959999999894,12681.690999999995
282,150,90x50六角形,1500,700,1.0,8000,2830.54,209.57,54.03,1,9927.138,-13531.38000000047,13067.7159
283,150,90x50六角形,1500,700,1.0,8000,2830.54,209.57,54.03,1,10077.632,-15723.640000000094,13151.055399999996
284,150,90x50六角形,1500,700,1.0,8000,2830.54,209.57,54.03,1,10224.798,-20115.530000001403,13470.563399999994
285,150,90x50六角形,1500,700,1.0,8000,2830.54,209.57,54.03,1,9945.256,-24285.93999999889,11039.843199999996
286,150,90x50六角形,1500,700,1.0,8000,2830.54,209.57,54.03,1,10379.0,-18817.74000000009,12602.562499999998
287,150,90x50六角形,1500,700,1.0,8000,2830.54,209.57,54.03,1,10661.444,-26049.64000000071,12895.754200000005
288,150,90x50六角形,1500,700,1.0,8000,2830.54,209.57,54.03,1,10797.39,-23224.92999999725,13208.229000000008
289,150,90x50六角形,1500,700,1.0,8000,2830.54,209.57,54.03,1,10664.51,-27045.53000000127,13242.830500000016
290,150,90x50六角形,1500,1000,1.0,8000,2830.54,209.57,54.03,1,7116.896000000001,-17050.589999999822,12274.401900000004
291,150,90x50六角形,1500,1000,1.0,8000,2830.54,209.57,54.03,1,7388.432,-17711.58999999995,13492.119199999996
292,150,90x50六角形,1500,1000,1.0,8000,2830.54,209.57,54.03,1,8003.922,-12913.87999999962,14042.7752
293,150,90x50六角形,1500,1000,1.0,8000,2830.54,209.57,54.03,1,8656.836000000001,-15209.40000000045,15531.679499999998
294,150,90x50六角形,1500,1000,1.0,8000,2830.54,209.57,54.03,1,8858.560000000001,-15868.379999999805,16490.304000000007
295,150,90x50六角形,1500,1000,1.0,8000,2830.54,209.57,54.03,1,8865.101999999999,-17671.149999998495,16157.30249999999
296,150,90x50六角形,1500,1000,1.0,8000,2830.54,209.57,54.03,1,8925.798,-15488.580000000396,16042.298600000007
297,150,90x50六角形,1500,1000,1.0,8000,2830.54,209.57,54.03,1,9023.419999999998,-19300.589999998643,15717.8205
298,150,90x50六角形,1500,1000,1.0,8000,2830.54,209.57,54.03,1,9165.28,-21151.65999999756,16171.454000000014
299,150,90x50六角形,1500,1000,1.0,8000,2830.54,209.57,54.03,1,9400.471999999998,-12941.449999999542,16915.687399999984
300,150,90x50六角形,2000,400,0.5,8000,2830.54,209.57,54.03,0,7485.298,-14621.990000000022,8870.895499999999
301,150,90x50六角形,2000,400,0.5,8000,2830.54,209.57,54.03,0,8136.150000000001,-18288.81000000001,10780.250500000002
302,150,90x50六角形,2000,400,0.5,8000,2830.54,209.57,54.03,0,8498.278,-15570.749999999667,10967.2756
303,150,90x50六角形,2000,400,0.5,8000,2830.54,209.57,54.03,0,8739.428,-20825.91000000024,10510.133799999998
304,150,90x50六角形,2000,400,0.5,8000,2830.54,209.57,54.03,0,9129.044,-17335.419999999624,11692.277700000006
305,150,90x50六角形,2000,400,0.5,8000,2830.54,209.57,54.03,0,9065.846,-21434.690000000533,11292.31359999999
306,150,90x50六角形,2000,400,0.5,8000,2830.54,209.57,54.03,0,9072.99,-18503.239999998943,11509.752500000017
307,150,90x50六角形,2000,400,0.5,8000,2830.54,209.57,54.03,0,9228.56,-22623.18000000109,11702.161499999987
308,150,90x50六角形,2000,400,0.5,8000,2830.54,209.57,54.03,0,9448.326,-19416.329999999976,11556.614100000015
309,150,90x50六角形,2000,400,0.5,8000,2830.54,209.57,54.03,0,9559.152000000002,-14284.89999999957,12395.348000000016
310,150,90x50六角形,2000,700,0.5,8000,2830.54,209.57,54.03,0,7735.059999999999,-19417.490000000034,7423.18
311,150,90x50六角形,2000,700,0.5,8000,2830.54,209.57,54.03,0,8284.832,-17848.760000000446,9029.6104
312,150,90x50六角形,2000,700,0.5,8000,2830.54,209.57,54.03,0,8447.448,-16744.909999999825,8392.760600000003
313,150,90x50六角形,2000,700,0.5,8000,2830.54,209.57,54.03,0,8930.382,-14030.539999999908,9263.8571
314,150,90x50六角形,2000,700,0.5,8000,2830.54,209.57,54.03,0,9057.264,-20635.42000000092,9421.141699999996
315,150,90x50六角形,2000,700,0.5,8000,2830.54,209.57,54.03,0,9040.094,-16282.169999999836,9332.956800000007
316,150,90x50六角形,2000,700,0.5,8000,2830.54,209.57,54.03,0,9135.29,-23301.680000000317,9419.272999999996
317,150,90x50六角形,2000,700,0.5,8000,2830.54,209.57,54.03,0,9380.894,-19443.71000000071,9466.499799999992
318,150,90x50六角形,2000,700,0.5,8000,2830.54,209.57,54.03,0,9590.218,-17618.740000000136,9686.562100000016
319,150,90x50六角形,2000,700,0.5,8000,2830.54,209.57,54.03,0,9817.326,-17635.979999998646,10859.46390000001
330,150,90x50六角形,2000,400,1.0,8000,2830.54,209.57,54.03,0,7250.452,-732.2900000000019,10101.459800000002
331,150,90x50六角形,2000,400,1.0,8000,2830.54,209.57,54.03,0,7677.592000000001,-769.8099999999981,11675.285
332,150,90x50六角形,2000,400,1.0,8000,2830.54,209.57,54.03,0,8688.404,-1699.830000000046,13309.3256
333,150,90x50六角形,2000,400,1.0,8000,2830.54,209.57,54.03,0,9456.814,-1220.5899999999522,14412.874000000003
334,150,90x50六角形,2000,400,1.0,8000,2830.54,209.57,54.03,0,9790.026,-1098.3100000000327,15224.433000000008
335,150,90x50六角形,2000,400,1.0,8000,2830.54,209.57,54.03,0,10088.554,-1309.1500000000078,14980.61760000001
336,150,90x50六角形,2000,400,1.0,8000,2830.54,209.57,54.03,0,10371.458,-892.4000000000075,15337.328200000004
337,150,90x50六角形,2000,400,1.0,8000,2830.54,209.57,54.03,0,10547.328,-1192.4699999999943,15621.395
338,150,90x50六角形,2000,400,1.0,8000,2830.54,209.57,54.03,0,10268.616000000002,-4.954046682230315e-12,15296.511899999994
339,150,90x50六角形,2000,400,1.0,8000,2830.54,209.57,54.03,0,10039.992000000002,1.480708974577077e-12,16961.212100000015
340,150,90x50六角形,2000,700,1.0,8000,2830.54,209.57,54.03,0,7680.696,-398.88000000000136,10660.312299999998
341,150,90x50六角形,2000,700,1.0,8000,2830.54,209.57,54.03,0,9247.062,-657.2899999999943,13089.848099999996
342,150,90x50六角形,2000,700,1.0,8000,2830.54,209.57,54.03,0,9374.678,-416.8600000000017,13087.232200000004
343,150,90x50六角形,2000,700,1.0,8000,2830.54,209.57,54.03,0,9689.462,-337.3299999999926,13820.2626
344,150,90x50六角形,2000,700,1.0,8000,2830.54,209.57,54.03,0,9488.934,-2032.819999999956,13298.223199999997
345,150,90x50六角形,2000,700,1.0,8000,2830.54,209.57,54.03,0,9365.795999999998,-1170.2099999999334,12988.153299999987
346,150,90x50六角形,2000,700,1.0,8000,2830.54,209.57,54.03,0,9379.444,-636.4799999999951,13046.429699999984
347,150,90x50六角形,2000,700,1.0,8000,2830.54,209.57,54.03,0,9579.0,-612.5900000000062,12590.452999999998
348,150,90x50六角形,2000,700,1.0,8000,2830.54,209.57,54.03,0,10286.574,-1757.3399999999608,14426.064700000024
349,150,90x50六角形,2000,700,1.0,8000,2830.54,209.57,54.03,0,10473.298,-726.4899999999127,15415.890899999977
350,150,90x50六角形,2000,1000,1.0,8000,2830.54,209.57,54.03,0,7169.219999999999,-802.510000000002,8682.8385
351,150,90x50六角形,2000,1000,1.0,8000,2830.54,209.57,54.03,0,7552.66,-608.8599999999882,10232.8585
352,150,90x50六角形,2000,1000,1.0,8000,2830.54,209.57,54.03,0,8136.490000000001,-1085.5999999999915,10746.2375
353,150,90x50六角形,2000,1000,1.0,8000,2830.54,209.57,54.03,0,8915.552,-1459.5599999999513,11655.919000000004
354,150,90x50六角形,2000,1000,1.0,8000,2830.54,209.57,54.03,0,9356.67,-1011.1399999999728,11773.30449999999
355,150,90x50六角形,2000,1000,1.0,8000,2830.54,209.57,54.03,0,9648.826,-842.2500000000407,13090.954100000004
356,150,90x50六角形,2000,1000,1.0,8000,2830.54,209.57,54.03,0,9590.988,-735.7999999999992,12569.292000000009
357,150,90x50六角形,2000,1000,1.0,8000,2830.54,209.57,54.03,0,9649.422,-849.0299999999821,12315.920999999997
358,150,90x50六角形,2000,1000,1.0,8000,2830.54,209.57,54.03,0,9700.568,-1875.290000000036,12473.944499999992
359,150,90x50六角形,2000,1000,1.0,8000,2830.54,209.57,54.03,0,9931.56,-1189.8699999999471,13203.34350000001
370,150,90x50六角形,1500,700,0.5,4000,2830.54,209.57,54.03,1,7262.75,-12202.349999999984,6038.766999999999
371,150,90x50六角形,1500,700,0.5,4000,2830.54,209.57,54.03,1,7056.5,-12814.299999999948,7549.8655
372,150,90x50六角形,1500,700,0.5,4000,2830.54,209.57,54.03,1,7589.38,-1966.790000000008,8291.471000000005
373,150,90x50六角形,1500,700,0.5,4000,2830.54,209.57,54.03,1,6876.263999999999,-10470.330000000038,7539.7683
374,150,90x50六角形,1500,700,0.5,4000,2830.54,209.57,54.03,1,6704.664,-6361.030000000025,7094.3118
375,150,90x50六角形,1500,700,0.5,4000,2830.54,209.57,54.03,1,6553.612,-12895.059999999938,6978.767899999986
376,150,90x50六角形,1500,700,0.5,4000,2830.54,209.57,54.03,1,6629.038,-12475.590000000277,7291.951600000013
377,150,90x50六角形,1500,700,0.5,4000,2830.54,209.57,54.03,1,7308.012,-13965.570000000163,8024.9124000000065
378,150,90x50六角形,1500,700,0.5,4000,2830.54,209.57,54.03,1,6458.336,-1931.3000000000752,7081.312800000004
379,150,90x50六角形,1500,700,0.5,4000,2830.54,209.57,54.03,1,6404.318,-3802.5800000000168,6572.576899999985
380,150,90x50六角形,1500,1000,0.5,4000,2830.54,209.57,54.03,1,8813.74,-4172.560000000007,5436.417999999999
381,150,90x50六角形,1500,1000,0.5,4000,2830.54,209.57,54.03,1,8548.5,-978.2599999999992,7451.718000000006
382,150,90x50六角形,1500,1000,0.5,4000,2830.54,209.57,54.03,1,9092.688,-6298.950000000006,7664.716800000006
383,150,90x50六角形,1500,1000,0.5,4000,2830.54,209.57,54.03,1,7796.036,-12601.859999999882,6883.957700000001
384,150,90x50六角形,1500,1000,0.5,4000,2830.54,209.57,54.03,1,8083.338,-6825.279999999921,6542.851299999999
385,150,90x50六角形,1500,1000,0.5,4000,2830.54,209.57,54.03,1,7848.214,-4017.789999999995,6681.49640000001
386,150,90x50六角形,1500,1000,0.5,4000,2830.54,209.57,54.03,1,7558.872,-1073.1600000000185,6565.518899999996
387,150,90x50六角形,1500,1000,0.5,4000,2830.54,209.57,54.03,1,7807.27,-4328.449999999805,6527.668000000011
388,150,90x50六角形,1500,1000,0.5,4000,2830.54,209.57,54.03,1,7690.290000000001,-8302.520000000079,6567.70549999999
389,150,90x50六角形,1500,1000,0.5,4000,2830.54,209.57,54.03,1,7460.126,-8017.749999999923,6694.405499999988
390,150,90x50六角形,1500,400,1.0,4000,2830.54,209.57,54.03,1,9748.724,-17175.26999999999,11221.894200000002
391,150,90x50六角形,1500,400,1.0,4000,2830.54,209.57,54.03,1,10337.068,-17092.709999999715,12912.4138
392,150,90x50六角形,1500,400,1.0,4000,2830.54,209.57,54.03,1,10884.216,-16610.239999999983,13395.830600000005
393,150,90x50六角形,1500,400,1.0,4000,2830.54,209.57,54.03,1,11046.262,-16941.48000000014,13285.145699999995
394,150,90x50六角形,1500,400,1.0,4000,2830.54,209.57,54.03,1,11309.138,-17762.750000000648,12832.27830000001
395,150,90x50六角形,1500,400,1.0,4000,2830.54,209.57,54.03,1,11243.956,-23736.18000000094,13379.925099999991
396,150,90x50六角形,1500,400,1.0,4000,2830.54,209.57,54.03,1,11418.652,-30357.04999999839,11491.111700000003
397,150,90x50六角形,1500,400,1.0,4000,2830.54,209.57,54.03,1,7483.228000000001,-4776.990000000075,6171.226100000007
398,150,90x50六角形,1500,400,1.0,4000,2830.54,209.57,54.03,1,7714.546,-10479.600000000008,7502.608099999992
399,150,90x50六角形,1500,400,1.0,4000,2830.54,209.57,54.03,1,6253.058000000001,-2916.770000000012,6710.005900000012
400,150,90x50六角形,1500,700,1.0,4000,2830.54,209.57,54.03,1,10471.704,-28269.210000000017,18242.7429
401,150,90x50六角形,1500,700,1.0,4000,2830.54,209.57,54.03,1,10800.364,-14234.830000000118,21480.8803
402,150,90x50六角形,1500,700,1.0,4000,2830.54,209.57,54.03,1,11310.738,-30684.19999999914,24427.6211
403,150,90x50六角形,1500,700,1.0,4000,2830.54,209.57,54.03,1,11431.896,-828.2099999999837,28634.0042
404,150,90x50六角形,1500,700,1.0,4000,2830.54,209.57,54.03,1,11379.494,-1261.6899999999637,27096.3038
405,150,90x50六角形,1500,700,1.0,4000,2830.54,209.57,54.03,1,11426.392,-25000.250000000706,24788.89089999998
406,150,90x50六角形,1500,700,1.0,4000,2830.54,209.57,54.03,1,8522.786,-15294.740000000333,13135.842600000014
407,150,90x50六角形,1500,700,1.0,4000,2830.54,209.57,54.03,1,4523.634,-8886.030000000534,8628.559300000004
408,150,90x50六角形,1500,700,1.0,4000,2830.54,209.57,54.03,1,4975.82,-12097.79000000001,8689.997000000007
409,150,90x50六角形,1500,700,1.0,4000,2830.54,209.57,54.03,1,5130.412,-12395.89999999974,8294.989899999988
410,150,90x50六角形,1500,1000,1.0,4000,2830.54,209.57,54.03,1,8943.534,-8539.540000000025,8013.400999999999
411,150,90x50六角形,1500,1000,1.0,4000,2830.54,209.57,54.03,1,8604.774,-11608.109999999991,10066.420999999997
412,150,90x50六角形,1500,1000,1.0,4000,2830.54,209.57,54.03,1,8887.460000000001,-13626.710000000185,10563.542000000003
413,150,90x50六角形,1500,1000,1.0,4000,2830.54,209.57,54.03,1,8007.516,-12927.790000000014,9528.306500000004
414,150,90x50六角形,1500,1000,1.0,4000,2830.54,209.57,54.03,1,7846.91,-15745.320000000023,9472.199000000017
415,150,90x50六角形,1500,1000,1.0,4000,2830.54,209.57,54.03,1,8083.226000000001,-6089.71999999991,8974.534499999992
416,150,90x50六角形,1500,1000,1.0,4000,2830.54,209.57,54.03,1,8218.032,-9891.270000000182,9326.22749999999
417,150,90x50六角形,1500,1000,1.0,4000,2830.54,209.57,54.03,1,8342.088,-14449.810000000036,9562.547500000008
418,150,90x50六角形,1500,1000,1.0,4000,2830.54,209.57,54.03,1,8404.642,-2688.289999999989,9695.15749999999
419,150,90x50六角形,1500,1000,1.0,4000,2830.54,209.57,54.03,1,8545.538,-4263.919999999953,10014.4469
430,150,90x50六角形,2000,700,0.5,4000,2830.54,209.57,54.03,0,5558.61,-9778.57,6494.6675000000005
431,150,90x50六角形,2000,700,0.5,4000,2830.54,209.57,54.03,0,5627.776000000001,-11129.930000000008,8513.0041
432,150,90x50六角形,2000,700,0.5,4000,2830.54,209.57,54.03,0,5809.254,-2825.949999999984,8408.392000000002
433,150,90x50六角形,2000,700,0.5,4000,2830.54,209.57,54.03,0,5898.165999999999,-7604.869999999927,8427.6515
434,150,90x50六角形,2000,700,0.5,4000,2830.54,209.57,54.03,0,5266.352,-9562.579999999987,7144.021300000009
435,150,90x50六角形,2000,700,0.5,4000,2830.54,209.57,54.03,0,5334.728,-9622.179999999937,7583.686800000001
436,150,90x50六角形,2000,700,0.5,4000,2830.54,209.57,54.03,0,5261.372,-11713.879999999614,7099.311999999992
437,150,90x50六角形,2000,700,0.5,4000,2830.54,209.57,54.03,0,5316.458,-11821.28999999991,7400.006499999998
438,150,90x50六角形,2000,700,0.5,4000,2830.54,209.57,54.03,0,5291.648,-5789.840000000115,7268.009499999991
439,150,90x50六角形,2000,700,0.5,4000,2830.54,209.57,54.03,0,6637.364,-3486.079999999937,9785.827799999986
440,150,90x50六角形,2000,1000,0.5,4000,2830.54,209.57,54.03,0,6783.928,-23666.919999999907,5924.745199999999
441,150,90x50六角形,2000,1000,0.5,4000,2830.54,209.57,54.03,0,6175.03,-1403.4000000000078,6313.24
442,150,90x50六角形,2000,1000,0.5,4000,2830.54,209.57,54.03,0,6655.27,-3401.940000000005,6439.161499999997
443,150,90x50六角形,2000,1000,0.5,4000,2830.54,209.57,54.03,0,6387.042,-10618.64999999996,6335.8632000000025
444,150,90x50六角形,2000,1000,0.5,4000,2830.54,209.57,54.03,0,5801.74,-3791.839999999977,5574.059000000008
445,150,90x50六角形,2000,1000,0.5,4000,2830.54,209.57,54.03,0,7172.758,-34049.15000000046,8162.196000000004
446,150,90x50六角形,2000,1000,0.5,4000,2830.54,209.57,54.03,0,7232.538,-18450.349999999875,7445.651800000001
447,150,90x50六角形,2000,1000,0.5,4000,2830.54,209.57,54.03,0,7247.585999999999,-14764.83999999965,8986.780600000013
448,150,90x50六角形,2000,1000,0.5,4000,2830.54,209.57,54.03,0,8386.732,-21750.470000002504,10008.838199999986
449,150,90x50六角形,2000,1000,0.5,4000,2830.54,209.57,54.03,0,8101.772,-8169.300000000204,6480.205299999988
450,150,90x50六角形,2000,400,1.0,4000,2830.54,209.57,54.03,0,5734.994000000001,-8622.889999999981,3041.350800000001
451,150,90x50六角形,2000,400,1.0,4000,2830.54,209.57,54.03,0,4866.66,-8159.309999999979,4010.9
452,150,90x50六角形,2000,400,1.0,4000,2830.54,209.57,54.03,0,5034.784,-2923.889999999982,3711.493399999999
453,150,90x50六角形,2000,400,1.0,4000,2830.54,209.57,54.03,0,5565.812,-2791.549999999982,4166.893400000004
454,150,90x50六角形,2000,400,1.0,4000,2830.54,209.57,54.03,0,5380.148,-10456.110000000044,3954.337799999998
455,150,90x50六角形,2000,400,1.0,4000,2830.54,209.57,54.03,0,5335.228,-9232.320000000216,4044.038800000003
456,150,90x50六角形,2000,400,1.0,4000,2830.54,209.57,54.03,0,5350.652,-1583.0599999999592,3996.206899999999
457,150,90x50六角形,2000,400,1.0,4000,2830.54,209.57,54.03,0,5462.628000000001,-4643.290000000196,3883.813600000009
458,150,90x50六角形,2000,400,1.0,4000,2830.54,209.57,54.03,0,5475.092,-1379.9000000000217,4159.190899999988
459,150,90x50六角形,2000,400,1.0,4000,2830.54,209.57,54.03,0,5496.686,-8881.909999999945,4063.994900000013
460,150,90x50六角形,2000,700,1.0,4000,2830.54,209.57,54.03,0,7822.024,-638.5499999999969,9147.7957
461,150,90x50六角形,2000,700,1.0,4000,2830.54,209.57,54.03,0,9433.296,-1720.9400000000053,11428.020900000003
462,150,90x50六角形,2000,700,1.0,4000,2830.54,209.57,54.03,0,9873.268,-820.0999999999943,12707.3165
463,150,90x50六角形,2000,700,1.0,4000,2830.54,209.57,54.03,0,9637.728,-726.3700000000165,11420.0794
464,150,90x50六角形,2000,700,1.0,4000,2830.54,209.57,54.03,0,9579.814,-719.6299999999792,11344.35609999999
465,150,90x50六角形,2000,700,1.0,4000,2830.54,209.57,54.03,0,9742.063999999998,-1299.56000000001,11539.42609999999
466,150,90x50六角形,2000,700,1.0,4000,2830.54,209.57,54.03,0,10245.542,-1120.3299999999572,11585.59279999999
467,150,90x50六角形,2000,700,1.0,4000,2830.54,209.57,54.03,0,10600.68,-1051.2299999999293,12826.166499999992
468,150,90x50六角形,2000,700,1.0,4000,2830.54,209.57,54.03,0,10491.684,-252.65999999999053,12815.645599999987
469,150,90x50六角形,2000,700,1.0,4000,2830.54,209.57,54.03,0,10089.264,-1.7647295704795079e-12,13218.453000000016
470,150,90x50六角形,2000,1000,1.0,4000,2830.54,209.57,54.03,0,4305.408,-7212.659999999986,4323.7878
471,150,90x50六角形,2000,1000,1.0,4000,2830.54,209.57,54.03,0,4139.286,-7773.529999999956,5641.017299999999
472,150,90x50六角形,2000,1000,1.0,4000,2830.54,209.57,54.03,0,4215.028,-5210.520000000037,5549.188400000001
473,150,90x50六角形,2000,1000,1.0,4000,2830.54,209.57,54.03,0,4200.1320000000005,-8533.930000000071,5514.056399999999
474,150,90x50六角形,2000,1000,1.0,4000,2830.54,209.57,54.03,0,4274.378000000001,-7883.149999999866,5931.914899999995
475,150,90x50六角形,2000,1000,1.0,4000,2830.54,209.57,54.03,0,4282.688,-6625.389999999905,6013.827900000001
476,150,90x50六角形,2000,1000,1.0,4000,2830.54,209.57,54.03,0,4270.108,-5559.74000000008,5947.402400000006
477,150,90x50六角形,2000,1000,1.0,4000,2830.54,209.57,54.03,0,4247.494,-5585.489999999996,5764.3517
478,150,90x50六角形,2000,1000,1.0,4000,2830.54,209.57,54.03,0,4242.468,-9118.57999999968,5650.217100000007
479,150,90x50六角形,2000,1000,1.0,4000,2830.54,209.57,54.03,0,4299.418000000001,-9251.260000000228,6185.4326
480,150,50圓柱,1500,400,0.5,8000,1582.79,148.9,42.52,0,5930.426,-4358.400000000011,4528.8503
481,150,50圓柱,1500,400,0.5,8000,1582.79,148.9,42.52,0,5930.0,-2910.0200000000136,6285.283999999998
482,150,50圓柱,1500,400,0.5,8000,1582.79,148.9,42.52,0,6158.794,-11751.589999999997,6303.673700000003
483,150,50圓柱,1500,400,0.5,8000,1582.79,148.9,42.52,0,6429.792,-12886.809999999983,6791.324800000002
484,150,50圓柱,1500,400,0.5,8000,1582.79,148.9,42.52,0,6676.618,-13115.36999999996,7002.3542000000125
485,150,50圓柱,1500,400,0.5,8000,1582.79,148.9,42.52,0,6310.782,-10381.51000000024,6153.761600000003
486,150,50圓柱,1500,400,0.5,8000,1582.79,148.9,42.52,0,6332.844000000001,-3180.980000000079,6414.229199999999
487,150,50圓柱,1500,400,0.5,8000,1582.79,148.9,42.52,0,6448.21,-9461.3800000002,6653.146999999994
488,150,50圓柱,1500,400,0.5,8000,1582.79,148.9,42.52,0,6452.224,-7267.490000000194,6467.810099999991
489,150,50圓柱,1500,400,0.5,8000,1582.79,148.9,42.52,0,6291.646000000001,-1917.6299999999933,6204.11810000001
490,150,50圓柱,1500,700,0.5,8000,1582.79,148.9,42.52,0,6394.5560000000005,-8001.650000000022,3687.9428000000007
491,150,50圓柱,1500,700,0.5,8000,1582.79,148.9,42.52,0,6337.756,-2964.3500000000404,5055.732400000001
492,150,50圓柱,1500,700,0.5,8000,1582.79,148.9,42.52,0,6468.444,-12847.26999999994,5386.791099999997
493,150,50圓柱,1500,700,0.5,8000,1582.79,148.9,42.52,0,6365.846,-1345.9999999999868,5171.997499999998
494,150,50圓柱,1500,700,0.5,8000,1582.79,148.9,42.52,0,5684.1,-7469.309999999954,4408.917999999999
495,150,50圓柱,1500,700,0.5,8000,1582.79,148.9,42.52,0,5579.574,-9721.249999999716,4478.167999999989
496,150,50圓柱,1500,700,0.5,8000,1582.79,148.9,42.52,0,5591.656,-5013.399999999952,4052.648899999991
497,150,50圓柱,1500,700,0.5,8000,1582.79,148.9,42.52,0,5644.284,-6380.530000000093,4582.139099999993
498,150,50圓柱,1500,700,0.5,8000,1582.79,148.9,42.52,0,5501.3820000000005,-9772.4599999998,4560.111999999996
499,150,50圓柱,1500,700,0.5,8000,1582.79,148.9,42.52,0,5569.966,-1221.0799999999908,4213.993399999993
500,150,50圓柱,1500,1000,0.5,8000,1582.79,148.9,42.52,0,4128.896,-15601.769999999717,4201.9292
501,150,50圓柱,1500,1000,0.5,8000,1582.79,148.9,42.52,0,4657.508,-12299.22999999969,7137.897399999998
502,150,50圓柱,1500,1000,0.5,8000,1582.79,148.9,42.52,0,5089.7300000000005,-11220.139999999908,6408.281499999997
503,150,50圓柱,1500,1000,0.5,8000,1582.79,148.9,42.52,0,5845.538,-16975.459999999595,7678.545399999997
504,150,50圓柱,1500,1000,0.5,8000,1582.79,148.9,42.52,0,5845.005999999999,-21935.349999999737,7292.981200000012
505,150,50圓柱,1500,1000,0.5,8000,1582.79,148.9,42.52,0,5898.612,-18975.74000000085,7525.036100000001
506,150,50圓柱,1500,1000,0.5,8000,1582.79,148.9,42.52,0,5965.700000000001,-17013.950000001063,7375.587499999992
507,150,50圓柱,1500,1000,0.5,8000,1582.79,148.9,42.52,0,6064.364,-21250.879999999943,7609.041200000005
508,150,50圓柱,1500,1000,0.5,8000,1582.79,148.9,42.52,0,6283.662,-18255.59000000416,7840.907900000002
509,150,50圓柱,1500,1000,0.5,8000,1582.79,148.9,42.52,0,6476.599999999999,-17887.330000000897,8364.553500000007
530,150,50圓柱,1500,1000,1.0,8000,1582.79,148.9,42.52,0,4604.25,-151.1099999999982,6814.3515
531,150,50圓柱,1500,1000,1.0,8000,1582.79,148.9,42.52,0,4665.702,-197.95000000000144,7201.984000000001
532,150,50圓柱,1500,1000,1.0,8000,1582.79,148.9,42.52,0,5331.139999999999,-494.9200000000152,8172.843499999996
533,150,50圓柱,1500,1000,1.0,8000,1582.79,148.9,42.52,0,5973.074,-237.7599999999871,9896.730400000002
534,150,50圓柱,1500,1000,1.0,8000,1582.79,148.9,42.52,0,5875.18,-298.3800000000097,9224.051000000009
535,150,50圓柱,1500,1000,1.0,8000,1582.79,148.9,42.52,0,5854.058,-380.7799999999889,9038.891200000016
536,150,50圓柱,1500,1000,1.0,8000,1582.79,148.9,42.52,0,5790.402,-454.2899999999804,8935.793699999997
537,150,50圓柱,1500,1000,1.0,8000,1582.79,148.9,42.52,0,5753.763999999999,-384.4600000000065,8276.069499999989
538,150,50圓柱,1500,1000,1.0,8000,1582.79,148.9,42.52,0,6245.724,-418.5999999999904,9918.733500000004
539,150,50圓柱,1500,1000,1.0,8000,1582.79,148.9,42.52,0,6193.026,-321.2499999999661,9950.353399999984
540,150,50圓柱,1000,400,0.5,8000,1582.79,148.9,42.52,1,4643.532,-802.4300000000046,5317.179099999999
541,150,50圓柱,1000,400,0.5,8000,1582.79,148.9,42.52,1,4742.8820000000005,-219.97999999999664,5634.3496000000005
542,150,50圓柱,1000,400,0.5,8000,1582.79,148.9,42.52,1,5734.734,-466.1299999999848,6926.843000000001
543,150,50圓柱,1000,400,0.5,8000,1582.79,148.9,42.52,1,5924.654,-293.5000000000043,7132.611200000001
544,150,50圓柱,1000,400,0.5,8000,1582.79,148.9,42.52,1,5914.946,-297.25000000000216,7226.316400000002
545,150,50圓柱,1000,400,0.5,8000,1582.79,148.9,42.52,1,5899.248,-273.08000000000385,7136.390400000011
546,150,50圓柱,1000,400,0.5,8000,1582.79,148.9,42.52,1,5836.292,-384.18999999998834,7014.69430000001
547,150,50圓柱,1000,400,0.5,8000,1582.79,148.9,42.52,1,5811.468,-502.6600000000088,6531.272200000007
548,150,50圓柱,1000,400,0.5,8000,1582.79,148.9,42.52,1,6269.673999999999,-442.5499999999678,7791.030200000005
549,150,50圓柱,1000,400,0.5,8000,1582.79,148.9,42.52,1,6211.602,-362.8400000000101,7693.7587999999805
550,150,50圓柱,1000,700,0.5,8000,1582.79,148.9,42.52,1,4770.368,-603.8999999999847,4766.528700000001
551,150,50圓柱,1000,700,0.5,8000,1582.79,148.9,42.52,1,5128.9980000000005,-621.3300000000121,5198.911
552,150,50圓柱,1000,700,0.5,8000,1582.79,148.9,42.52,1,5970.048,-309.16999999999496,7039.638800000001
553,150,50圓柱,1000,700,0.5,8000,1582.79,148.9,42.52,1,5983.0560000000005,-285.8599999999855,6346.439599999997
554,150,50圓柱,1000,700,0.5,8000,1582.79,148.9,42.52,1,5943.412,-333.9600000000117,6301.455200000003
555,150,50圓柱,1000,700,0.5,8000,1582.79,148.9,42.52,1,5909.458,-350.87999999999107,6322.749799999991
556,150,50圓柱,1000,700,0.5,8000,1582.79,148.9,42.52,1,5894.263999999999,-523.510000000031,8044.042399999997
557,150,50圓柱,1000,700,0.5,8000,1582.79,148.9,42.52,1,5888.793999999999,-467.8600000000349,5834.718900000007
558,150,50圓柱,1000,700,0.5,8000,1582.79,148.9,42.52,1,6250.0560000000005,-856.8400000000308,6725.069499999988
559,150,50圓柱,1000,700,0.5,8000,1582.79,148.9,42.52,1,6249.802000000001,-1248.5300000000295,7579.544800000009
560,150,50圓柱,1000,1000,0.5,8000,1582.79,148.9,42.52,1,6783.44,-13128.180000000111,11582.360999999995
561,150,50圓柱,1000,1000,0.5,8000,1582.79,148.9,42.52,1,8026.704,-14513.119999999904,13462.910300000003
562,150,50圓柱,1000,1000,0.5,8000,1582.79,148.9,42.52,1,8234.272,-21010.819999999552,13647.583700000005
563,150,50圓柱,1000,1000,0.5,8000,1582.79,148.9,42.52,1,8425.01,-20830.8100000006,14272.712999999996
564,150,50圓柱,1000,1000,0.5,8000,1582.79,148.9,42.52,1,8438.814,-20805.42999999968,14192.822900000008
565,150,50圓柱,1000,1000,0.5,8000,1582.79,148.9,42.52,1,8534.18,-21307.90999999826,14442.7875
566,150,50圓柱,1000,1000,0.5,8000,1582.79,148.9,42.52,1,8591.464,-21485.04000000058,14496.0029
567,150,50圓柱,1000,1000,0.5,8000,1582.79,148.9,42.52,1,8810.948,-22029.15999999855,14171.211300000004
568,150,50圓柱,1000,1000,0.5,8000,1582.79,148.9,42.52,1,9110.346,-29205.09000000102,15318.003100000014
569,150,50圓柱,1000,1000,0.5,8000,1582.79,148.9,42.52,1,9291.864,-17623.749999998723,15915.05859999999
580,150,50圓柱,1000,700,1.0,8000,1582.79,148.9,42.52,1,6605.664,-12454.47000000004,7621.558500000001
581,150,50圓柱,1000,700,1.0,8000,1582.79,148.9,42.52,1,6631.204000000001,-16511.60000000008,7963.795899999999
582,150,50圓柱,1000,700,1.0,8000,1582.79,148.9,42.52,1,6786.746,-17081.5499999994,7620.0256
583,150,50圓柱,1000,700,1.0,8000,1582.79,148.9,42.52,1,7051.96,-18267.83999999987,8755.268000000002
584,150,50圓柱,1000,700,1.0,8000,1582.79,148.9,42.52,1,7139.034,-17908.730000000553,9862.217299999997
585,150,50圓柱,1000,700,1.0,8000,1582.79,148.9,42.52,1,7175.096,-16977.37000000068,10088.240199999997
586,150,50圓柱,1000,700,1.0,8000,1582.79,148.9,42.52,1,7033.544,-18187.65999999969,7105.165899999994
587,150,50圓柱,1000,700,1.0,8000,1582.79,148.9,42.52,1,6761.226,-9529.139999999965,7288.505699999991
588,150,50圓柱,1000,700,1.0,8000,1582.79,148.9,42.52,1,6879.792,-7158.960000000073,7240.728700000007
589,150,50圓柱,1000,700,1.0,8000,1582.79,148.9,42.52,1,6626.003999999999,-8639.980000000267,7227.658500000019
600,150,50圓柱,1500,400,0.5,4000,1582.79,148.9,42.52,1,5751.013999999999,-9113.589999999984,7527.748399999999
601,150,50圓柱,1500,400,0.5,4000,1582.79,148.9,42.52,1,7096.894,-19435.71000000028,12684.6822
602,150,50圓柱,1500,400,0.5,4000,1582.79,148.9,42.52,1,7150.562,-14560.219999999736,13814.956799999998
603,150,50圓柱,1500,400,0.5,4000,1582.79,148.9,42.52,1,7137.98,-19302.070000000844,13495.8165
604,150,50圓柱,1500,400,0.5,4000,1582.79,148.9,42.52,1,7106.484,-18240.24000000024,13035.365999999998
605,150,50圓柱,1500,400,0.5,4000,1582.79,148.9,42.52,1,5524.652,-11925.589999999784,8829.497300000006
606,150,50圓柱,1500,400,0.5,4000,1582.79,148.9,42.52,1,6960.154,-16498.789999999986,11647.830100000016
607,150,50圓柱,1500,400,0.5,4000,1582.79,148.9,42.52,1,5729.188,-8270.979999999512,9253.9242
608,150,50圓柱,1500,400,0.5,4000,1582.79,148.9,42.52,1,6129.484,-11868.159999999974,10185.535600000008
609,150,50圓柱,1500,400,0.5,4000,1582.79,148.9,42.52,1,6509.014,-13796.619999999544,11278.480200000004
610,150,50圓柱,1500,700,0.5,4000,1582.79,148.9,42.52,0,6379.758000000001,-7859.599999999984,5810.990200000001
611,150,50圓柱,1500,700,0.5,4000,1582.79,148.9,42.52,0,6879.47,-13945.780000000015,8277.889500000001
612,150,50圓柱,1500,700,0.5,4000,1582.79,148.9,42.52,0,6741.904,-16789.22999999989,8005.199100000002
613,150,50圓柱,1500,700,0.5,4000,1582.79,148.9,42.52,0,7004.374000000001,-17309.57999999999,8720.338500000002
614,150,50圓柱,1500,700,0.5,4000,1582.79,148.9,42.52,0,7001.486,-19037.40999999955,8840.076400000005
615,150,50圓柱,1500,700,0.5,4000,1582.79,148.9,42.52,0,7011.462,-18481.259999999835,9017.4215
616,150,50圓柱,1500,700,0.5,4000,1582.79,148.9,42.52,0,6931.122,-18863.73000000028,8686.030299999993
617,150,50圓柱,1500,700,0.5,4000,1582.79,148.9,42.52,0,7046.186000000001,-18645.36000000016,9330.141499999992
618,150,50圓柱,1500,700,0.5,4000,1582.79,148.9,42.52,0,7015.157999999999,-18497.189999998507,9062.248199999996
619,150,50圓柱,1500,700,0.5,4000,1582.79,148.9,42.52,0,7074.724,-18393.68999999929,9031.177400000011
620,150,50圓柱,1500,1000,0.5,4000,1582.79,148.9,42.52,1,6745.378000000001,-18752.10999999974,5360.168999999998
621,150,50圓柱,1500,1000,0.5,4000,1582.79,148.9,42.52,1,7136.212,-19204.070000000225,7114.804999999998
622,150,50圓柱,1500,1000,0.5,4000,1582.79,148.9,42.52,1,7144.812,-19666.28000000004,7322.387499999998
623,150,50圓柱,1500,1000,0.5,4000,1582.79,148.9,42.52,1,6998.317999999999,-13040.589999999913,6774.978799999997
624,150,50圓柱,1500,1000,0.5,4000,1582.79,148.9,42.52,1,6912.108,-12075.97000000016,6179.631999999996
625,150,50圓柱,1500,1000,0.5,4000,1582.79,148.9,42.52,1,6922.77,-14881.300000000052,6166.415500000009
626,150,50圓柱,1500,1000,0.5,4000,1582.79,148.9,42.52,1,6829.386,-5596.289999999916,6286.913100000007
627,150,50圓柱,1500,1000,0.5,4000,1582.79,148.9,42.52,1,6841.686,-10040.279999999775,5817.149999999989
628,150,50圓柱,1500,1000,0.5,4000,1582.79,148.9,42.52,1,6830.108,-13034.410000000264,5977.780999999996
629,150,50圓柱,1500,1000,0.5,4000,1582.79,148.9,42.52,1,6785.700000000001,-14824.759999999373,6219.976999999986
630,150,50圓柱,1500,400,1.0,4000,1582.79,148.9,42.52,0,4610.192,-12037.499999999734,5871.6774
631,150,50圓柱,1500,400,1.0,4000,1582.79,148.9,42.52,0,5480.848,-13395.219999999668,7136.915899999997
632,150,50圓柱,1500,400,1.0,4000,1582.79,148.9,42.52,0,5512.762000000001,-13365.48999999983,7826.400300000002
633,150,50圓柱,1500,400,1.0,4000,1582.79,148.9,42.52,0,5602.746,-13823.560000000336,6701.1678
634,150,50圓柱,1500,400,1.0,4000,1582.79,148.9,42.52,0,5958.396000000001,-18826.659999999505,8003.844799999993
635,150,50圓柱,1500,400,1.0,4000,1582.79,148.9,42.52,0,5981.822,-13605.800000000338,7732.522599999996
636,150,50圓柱,1500,400,1.0,4000,1582.79,148.9,42.52,0,6166.086000000001,-16645.829999998536,7920.9373
637,150,50圓柱,1500,400,1.0,4000,1582.79,148.9,42.52,0,6310.1900000000005,-15593.020000001276,8146.481000000014
638,150,50圓柱,1500,400,1.0,4000,1582.79,148.9,42.52,0,6462.2,-14977.839999999653,8382.511000000006
639,150,50圓柱,1500,400,1.0,4000,1582.79,148.9,42.52,0,6751.290000000001,-17665.629999999743,9113.57350000001
650,150,50圓柱,1500,1000,1.0,4000,1582.79,148.9,42.52,0,4988.804,-12173.509999999864,3877.107700000001
651,150,50圓柱,1500,1000,1.0,4000,1582.79,148.9,42.52,0,5408.982,-13163.649999999836,4553.0038
652,150,50圓柱,1500,1000,1.0,4000,1582.79,148.9,42.52,0,5674.66,-13435.250000000047,4651.983499999999
653,150,50圓柱,1500,1000,1.0,4000,1582.79,148.9,42.52,0,5770.948,-14157.67000000024,4813.535999999998
654,150,50圓柱,1500,1000,1.0,4000,1582.79,148.9,42.52,0,5747.727999999999,-14948.000000000397,4687.6821
655,150,50圓柱,1500,1000,1.0,4000,1582.79,148.9,42.52,0,5737.820000000001,-17193.779999999122,4667.932000000001
656,150,50圓柱,1500,1000,1.0,4000,1582.79,148.9,42.52,0,5650.386,-18920.34000000096,4784.084400000005
657,150,50圓柱,1500,1000,1.0,4000,1582.79,148.9,42.52,0,5944.35,-18137.90000000096,4577.2715
658,150,50圓柱,1500,1000,1.0,4000,1582.79,148.9,42.52,0,6029.490000000001,-14062.839999999667,4937.953500000003
659,150,50圓柱,1500,1000,1.0,4000,1582.79,148.9,42.52,0,6129.732,-16935.8600000006,5298.789200000003
660,150,50圓柱,1000,400,0.5,4000,1582.79,148.9,42.52,1,4912.12,-307.26999999999543,7548.298
661,150,50圓柱,1000,400,0.5,4000,1582.79,148.9,42.52,1,5186.198,-357.8999999999948,8110.426799999999
662,150,50圓柱,1000,400,0.5,4000,1582.79,148.9,42.52,1,5722.426,-218.14000000001047,8986.871099999998
663,150,50圓柱,1000,400,0.5,4000,1582.79,148.9,42.52,1,5746.686,-173.0999999999944,9189.924100000004
664,150,50圓柱,1000,400,0.5,4000,1582.79,148.9,42.52,1,5703.142,-148.7700000000069,8995.23949999999
665,150,50圓柱,1000,400,0.5,4000,1582.79,148.9,42.52,1,5711.698,-175.70999999999094,9010.906300000002
666,150,50圓柱,1000,400,0.5,4000,1582.79,148.9,42.52,1,5634.834000000001,-249.20999999999972,8272.170900000006
667,150,50圓柱,1000,400,0.5,4000,1582.79,148.9,42.52,1,6055.0960000000005,-275.0000000000114,9805.534599999994
668,150,50圓柱,1000,400,0.5,4000,1582.79,148.9,42.52,1,6110.024,-327.679999999996,9605.739899999991
669,150,50圓柱,1000,400,0.5,4000,1582.79,148.9,42.52,1,6207.652,-524.6200000000513,10170.9918
680,150,50圓柱,1000,1000,0.5,4000,1582.79,148.9,42.52,1,10268.212,-21497.739999999936,13304.1482
681,150,50圓柱,1000,1000,0.5,4000,1582.79,148.9,42.52,1,10412.292,-25195.67999999995,14421.380999999996
682,150,50圓柱,1000,1000,0.5,4000,1582.79,148.9,42.52,1,10908.622,-19650.16000000053,16722.990499999996
683,150,50圓柱,1000,1000,0.5,4000,1582.79,148.9,42.52,1,11403.28,-26032.0599999987,16773.978999999996
684,150,50圓柱,1000,1000,0.5,4000,1582.79,148.9,42.52,1,11624.372,-29422.23000000066,16726.638200000016
685,150,50圓柱,1000,1000,0.5,4000,1582.79,148.9,42.52,1,11704.224,-29389.599999996943,16502.943500000012
686,150,50圓柱,1000,1000,0.5,4000,1582.79,148.9,42.52,1,11648.246,-27744.64999999925,15756.80599999999
687,150,50圓柱,1000,1000,0.5,4000,1582.79,148.9,42.52,1,11371.684,-42425.9300000013,13401.688599999996
688,150,50圓柱,1000,1000,0.5,4000,1582.79,148.9,42.52,1,11457.286,-33565.39000000209,16991.41959999999
689,150,50圓柱,1000,1000,0.5,4000,1582.79,148.9,42.52,1,11307.618,-33005.31999999857,16508.6474
690,150,50圓柱,1000,400,1.0,4000,1582.79,148.9,42.52,1,4906.5560000000005,-352.82000000000073,5087.423300000001
691,150,50圓柱,1000,400,1.0,4000,1582.79,148.9,42.52,1,5613.103999999999,-382.6300000000002,6176.360799999997
692,150,50圓柱,1000,400,1.0,4000,1582.79,148.9,42.52,1,5816.942,-760.6800000000053,6536.496399999998
693,150,50圓柱,1000,400,1.0,4000,1582.79,148.9,42.52,1,5736.42,-879.0299999999794,6326.510000000002
694,150,50圓柱,1000,400,1.0,4000,1582.79,148.9,42.52,1,5702.5,-273.4900000000027,6137.651999999995
695,150,50圓柱,1000,400,1.0,4000,1582.79,148.9,42.52,1,5710.76,-286.09999999999127,6689.306000000008
696,150,50圓柱,1000,400,1.0,4000,1582.79,148.9,42.52,1,5975.941999999999,-422.00000000002,6178.420100000001
697,150,50圓柱,1000,400,1.0,4000,1582.79,148.9,42.52,1,6031.920000000001,-243.4400000000217,6690.438499999998
698,150,50圓柱,1000,400,1.0,4000,1582.79,148.9,42.52,1,6211.566000000001,-327.6499999999963,6796.180100000004
699,150,50圓柱,1000,400,1.0,4000,1582.79,148.9,42.52,1,6332.161999999998,-1631.64000000013,7191.371599999994
700,150,50圓柱,1000,700,1.0,4000,1582.79,148.9,42.52,1,10032.926,-26968.2599999998,10348.5818
701,150,50圓柱,1000,700,1.0,4000,1582.79,148.9,42.52,1,10864.362,-24905.65000000002,11412.863800000005
702,150,50圓柱,1000,700,1.0,4000,1582.79,148.9,42.52,1,10563.39,-34574.66999999991,11068.040999999996
703,150,50圓柱,1000,700,1.0,4000,1582.79,148.9,42.52,1,11012.77,-27155.35999999885,13410.600999999995
704,150,50圓柱,1000,700,1.0,4000,1582.79,148.9,42.52,1,10766.422,-36712.58000000106,12398.667799999988
705,150,50圓柱,1000,700,1.0,4000,1582.79,148.9,42.52,1,11439.716,-26640.919999999805,14202.252
706,150,50圓柱,1000,700,1.0,4000,1582.79,148.9,42.52,1,11751.834,-27366.100000001014,14451.864000000016
707,150,50圓柱,1000,700,1.0,4000,1582.79,148.9,42.52,1,11837.84,-30934.660000000385,13003.386500000011
708,150,50圓柱,1000,700,1.0,4000,1582.79,148.9,42.52,1,11649.75,-33299.1600000007,12027.044000000016
709,150,50圓柱,1000,700,1.0,4000,1582.79,148.9,42.52,1,11617.1,-31059.20999999633,14110.386500000008
